File,SNR Noisy,SNR Denoised,PESQ Noisy,PESQ Denoised,STOI Noisy,STOI Denoised,MSE Noisy,MSE Denoised,PSNR Noisy,PSNR Denoised
noised_p228_003.wav,2.5537602081968087,-32.24904611818794,1.819593071937561,1.630868911743164,0.8363683567778506,0.8227792742456564,1190.689396103038,3598148.792879232,55.66859740829024,20.865791081905485
noised_p228_004.wav,5.968602839398594,-30.802133717155865,1.1710247993469238,1.7078039646148682,0.7682941175176932,0.7715586448043107,672.2050856082376,3195769.5139584444,56.13446618431375,19.36372962775929
noised_p257_004.wav,2.8111340360864157,-34.941843096078074,1.3208074569702148,1.3112412691116333,0.9480609651113616,0.9430221380234619,1111.788690134704,6627045.692608116,57.71339391832653,19.960416786162032
noised_p257_002.wav,5.478524221274141,-27.895531040233593,1.168291687965393,1.6916836500167847,0.9406843564457729,0.9609171033333327,663.0059895059895,1441859.615234458,52.33018633153425,18.956131070026515
noised_p257_003.wav,1.1700119902763422,-32.668402014508466,3.090447425842285,1.724374771118164,0.9519335973214994,0.934095633433342,1461.6452435477752,3537393.5379118696,50.99805502443144,17.15964101964663
noised_p228_005.wav,3.674505499738223,-32.8546590694231,1.2980071306228638,1.217655062675476,0.8224962589686446,0.804210326145323,751.3807652366246,3378909.2689735503,54.736546793527204,18.207382224365883
Average,3.609423132495088,-31.901935842597837,1.644695262114207,1.5472712715466816,0.8779729420238037,0.8727638533309044,975.1191950227281,3629854.4035942783,54.596874276737246,19.085515301644307
